RazaoSocial;UF;TotalDespesas;MediaDespesasPorTrimestre;DesvioPadraoDespesas
UNIMED DE CIANORTE - COOPERATIVA DE TRABALHO MEDICO;PR;42838980871.64;14279660290.55;2756355430.19
AMIL ASSISTÊNCIA MÉDICA INTERNACIONAL S.A.;SP;37922335274.02;12640778424.67;711173277.36
UNIMED NACIONAL - COOPERATIVA CENTRAL;SP;18275090214.09;6091696738.03;276326973.83
NOTRE DAME INTERMÉDICA SAÚDE S.A.;SP;16727305803.55;5575768601.18;346558507.86
HAPVIDA ASSISTENCIA MEDICA S.A.;CE;16490066984.41;5496688994.80;244423453.54
UNIMED FRANCISCO BELTRAO COOPERATIVA DE TRABALHO MEDICO;PR;15344255974.44;5114751991.48;981426776.30
CAIXA DE ASSISTÊNCIA DOS FUNCIONÁRIOS DO BANCO DO BRASIL;DF;13009950395.00;4336650131.67;645360919.50
UNIMED BELO HORIZONTE COOPERATIVA DE TRABALHO MÉDICO;MG;10814932354.90;3604977451.63;90081610.92
UNIMED DO EST. DO RJ FEDERAÇÃO EST. DAS COOPERATIVAS MÉDICAS;RJ;9178548750.17;3059516250.06;236087718.57
BRADESCO SAÚDE - OPERADORA DE PLANOS  S/A;SP;8943310696.55;2981103565.52;843723495.56
PREVENT SENIOR PRIVATE OPERADORA DE SAÚDE LTDA;SP;8787984939.05;2929328313.02;535203006.47
GEAP AUTOGESTÃO EM SAÚDE;DF;8611060360.28;2870353453.43;571950269.49
ASSOCIAÇÃO PETROBRAS DE SAÚDE - APS;RJ;8147006607.32;2715668869.11;1116853491.83
UNIMED PORTO ALEGRE - COOPERATIVA MÉDICA LTDA.;RS;7767246231.79;2589082077.26;79108769.46
SUL AMÉRICA PARANÁ CLÍNICAS SERVIÇOS DE SAÚDE S.A.;SP;7452452932.46;2484150977.49;578459289.61
UNIMED CURITIBA - SOCIEDADE COOPERATIVA DE MÉDICOS;PR;7287356351.07;2429118783.69;73789348.89
UNIMED CAMPINAS - COOPERATIVA DE TRABALHO MÉDICO;SP;5703840487.42;1901280162.47;67003142.61
UNIMED DE FORTALEZA SOCIEDADE COOPERATIVA MÉDICA LTDA.;CE;4890682111.65;1630227370.55;46029388.94
UNIMED GOIANIA COOPERATIVA DE TRABALHO MÉDICO;GO;4742836706.23;1580945568.74;94300321.93
FUNDAÇÃO SAÚDE ITAÚ;MG;3817544386.81;1272514795.60;164938634.04
OMINT SERVIÇOS DE SAÚDE S.A.;SP;3656967732.85;1218989244.28;150236355.53
UNIMED VITORIA COOPERATIVA DE TRABALHO MEDICO;ES;3579536372.59;1193178790.86;43036848.94
GRUPO HOSPITALAR DO RIO DE JANEIRO LTDA;RJ;3526277871.23;1175425957.08;118167714.79
UNIMED RECIFE COOPERATIVA DE TRABALHO MÉDICO;PE;3497074427.17;1165691475.72;91345408.04
POSTAL SAÚDE CAIXA DE ASSISTÊNCIA E SAÚDE DOS EMPREGADOS DOS CORREIOS;DF;3421419413.09;1140473137.70;218952272.03
CARE PLUS MEDICINA ASSISTENCIAL LTDA.;SP;3256505345.29;1085501781.76;670526590.32
UNIMED DO ESTADO DE SÃO PAULO - FEDERAÇÃO ESTADUAL DAS COOP. MÉDICAS;SP;3189618521.82;1063206173.94;106311051.98
SERV  SOCIAL AUTÔNOMO DE ASSIST À SAÚDE DOS SERV PÚBLICOS E MILITARES DE GOIÁS;GO;3072319062.36;1536159531.18;432936298.62
UNIMED GRANDE FLORIANÓPOLIS-COOPERATIVA DE TRABALHO MEDICO;SC;3051489061.08;1017163020.36;27334024.73
UNIMED SAO JOSÉ DO RIO PRETO - COOP. DE TRABALHO MÉDICO;SP;2789384529.41;929794843.14;42695188.25
FUNDAÇÃO CESP;SP;2699198045.07;899732681.69;158375992.41
UNIMED BELÉM COOPERATIVA DE TRABALHO MÉDICO;PA;2642796979.87;880932326.62;82466454.78
UNIMED CUIABA COOPERATIVA DE TRABALHO MÉDICO;MT;2526344752.54;842114917.51;20682042.63
MEDISERVICE OPERADORA DE PLANOS DE SAÚDE S.A.;SP;2368947454.24;789649151.41;95651884.41
SAMEDIL SERVIÇOS DE ATENDIMENTO MÉDICO S/A;ES;2281170899.68;760390299.89;34423172.79
FUNDAÇÃO ASSISTENCIAL DOS SERVIDORES DO MINISTÉRIO DA FAZENDA;DF;2264097859.21;754699286.40;164919432.23
UNIMED DE LONDRINA COOPERATIVA DE TRABALHO MÉDICO;PR;2124717331.98;708239110.66;21912918.21
CAIXA BENEFICENTE DOS FUNCIONARIOS DO BANCO DO ESTADO DE SÃO PAULO;SP;2041637535.18;680545845.06;91146916.91
UNIMED NATAL SOC. COOP. DE TRAB. MÉDICO;RN;1877933401.77;625977800.59;29567825.68
UNIMED CAMPO GRANDE MS COOPERATIVA DE TRABALHO MÉDICO;MS;1860035163.62;620011721.21;22344451.12
UNIMED SERRA GAUCHA/RS COOPERATIVA DE ASSISTENCIA A SAUDE LTDA;RS;1834609400.98;611536466.99;20981454.11
UNIMED REGIONAL MARINGÁ COOP.DE TRABALHO MÉDICO;PR;1828738726.31;609579575.44;17053519.78
NOTRE DAME INTERMÉDICA MINAS GERAIS SAÚDE S.A.;CE;1824093137.41;608031045.80;32914247.61
UNIMED DE RIBEIRAO PRETO - COOPERATIVA DE TRABALHO MÉDICO;SP;1799860158.80;599953386.27;28284989.84
UNIMED JOAO PESSOA - COOPERATIVA DE TRABALHO MÉDICO;PB;1785618270.58;595206090.19;33578136.43
UNIMED-SÃO GONÇALO - NITERÓI - SOC.COOP.SERV.MED E HOSP LTDA;RJ;1771752998.89;590584332.96;25041206.50
UNIMED SOROCABA COOPERATIVA DE TRABALHO MÉDICO;SP;1728389543.87;576129847.96;41512356.95
UNIMED UBERLÂNDIA COOPERATIVA REGIONAL TRABALHO MÉDICO LTDA;MG;1714383640.34;571461213.45;24935618.97
UNIMED MACEIO COOPERATIVA DE TRABALHO MÉDICO;AL;1686350299.48;562116766.49;21122551.60
UNIMED DO ESTADO DO PARANÁ FEDERAÇÃO ESTADUAL DAS COOPERATIVAS MÉDICAS;PR;1666330470.77;555443490.26;20496523.24
UNIMED DO ESTADO DE SANTA CATARINA FED. EST. DAS COOP. MÉD.;SC;1665888519.25;555296173.08;15394008.21
UNIMED DE SANTOS COOP DE TRAB MEDICO;SP;1595248889.31;531749629.77;22653232.09
HUMANA SAÚDE NORDESTE LTDA.;PI;1589461626.53;529820542.18;27762730.10
UNIMED BLUMENAU - COOPERATIVA DE TRABALHO MEDICO;SC;1537900318.19;512633439.40;17376830.34
UNIMED LITORAL COOPERATIVA DE TRABALHO MÉDICO LTDA;SC;1508599621.81;502866540.60;29648240.65
CAIXA DE ASSISTENCIA DOS SERVIDORES DO ESTADO DE MATO GROSSO DO SUL;MS;1416432005.61;472144001.87;176874030.73
UNIMED DE JOINVILLE COOPERATIVA DE TRABALHO MÉDICO;SC;1388625061.97;462875020.66;23086220.57
SANTA HELENA ASSISTÊNCIA MÉDICA S/A.;SP;1378040344.66;459346781.55;37101467.43
FUNDAÇÃO SÃO FRANCISCO XAVIER;MG;1376207627.65;458735875.88;44553798.76
ODONTOPREV S/A;SP;1366590137.49;455530045.83;91422155.70
UNIMED DE BAURU COOPERATIVA DE TRABALHO MÉDICO;SP;1330766702.29;443588900.76;13870874.45
UNIMED DE PIRACICABA SOCIEDADE COOPERATIVA DE SERVIÇOS MÉDICOS;SP;1308383754.06;436127918.02;10166334.72
UNIMED SAO JOSE DOS CAMPOS - COOPERATIVA DE TRABALHO MEDICO;SP;1297629079.87;432543026.62;19585406.36
UNIMED JUIZ DE FORA COOPERATIVA DE TRABALHO MÉDICO LTDA;MG;1289789725.85;429929908.62;12806482.54
SAMP ESPIRITO SANTO ASSISTENCIA MEDICA SA;ES;1280953066.78;426984355.59;29390923.64
CLINIPAM CLINICA PARANAENSE DE ASSISTENCIA MEDICA LTDA;CE;1272350800.94;424116933.65;21538026.13
UNIMED DIVINOPOLIS - COOPERATIVA DE TRABALHO MEDICO LTDA;MG;1229256583.89;409752194.63;17055088.09
UNIMED - COOPERATIVA DE SERVIÇOS DE SAÚDE DOS VALES DO TAQUARI E RIO PARDO LTDA.;RS;1226361269.83;408787089.94;12168370.56
GAMA SAUDE LTDA.;SP;1221993381.09;407331127.03;213664665.47
CENTRO TRASMONTANO DE SAO PAULO;SP;1204969704.83;401656568.28;77356309.48
UNIMED DE CASCAVEL COOPERATIVA DE TRABALHO MÉDICO;PR;1186230870.40;395410290.13;13057623.09
UNIMED SERGIPE - COOPERATIVA DE TRABALHO MÉDICO;SE;1085999740.45;361999913.48;20981058.47
CAIXA DE ASSISTÊNCIA DOS FUNCIONÁRIOS DO BANCO DO NORDESTE DO BRASIL;CE;1036854566.08;345618188.69;65233838.55
UNIMED DE MACAÉ COOPERATIVA DE ASSISTÊNCIA À SAÚDE;RJ;1026452281.01;342150760.34;19273351.66
ASSOCIAÇÃO DE BENEFICÊNCIA E FILANTROPIA SÃO CRISTOVÃO;SP;1002972985.62;334324328.54;45330075.11
CEMIG SAÚDE;MG;966542440.79;322180813.60;114065346.91
UNIMED VALE DO SINOS - COOPERATIVA DE ASSISTÊNCIA À SAÚDE LTDA;RS;925685229.46;308561743.15;19439286.19
UNIMED SÃO CARLOS - COOPERATIVA DE TRABALHO MÉDICO;SP;925522134.03;308507378.01;13859900.37
UNIMED DE SANTA BÁRBARA D'OESTE E AMERICANA - COOP DE TRABALHO MÉDICO;SP;908017839.35;302672613.12;12859273.97
SINDIFISCO NACIONAL - SINDICATO NACIONAL DOS AUDITORES-FISCAIS DA RECEITA FEDERAL DO BRASIL;DF;903060646.79;301020215.60;59078839.83
UNIMED DE VOLTA REDONDA COOPERATIVA DE TRABALHO MÉDICO;RJ;891813266.57;297271088.86;15866368.10
UNIMED DE PRESIDENTE PRUDENTE COOPERATIVA DE TRAB. MÉDICO;SP;872709694.97;290903231.66;8035932.54
UNIMED TERESINA - COOPERATIVA DE TRABALHO MÉDICO;PI;866290549.80;288763516.60;12447994.00
UNIMED NORTE DO MATO GROSSO COOPERATIVA DE TRABALHO MÉDICO;MT;865302190.06;288434063.35;15841293.31
PASA - PLANO DE ASSISTENCIA A SAUDE DO APOSENTADO DA VALE;RJ;861311663.06;287103887.69;91788827.62
ASSOCIAÇÃO SANTA CASA SAÚDE DE SÃO JOSÉ DOS CAMPOS;SP;824036648.87;274678882.96;55870469.34
UNIMED UBERABA COOPERATIVA DE TRABALHO MEDICO LTDA.;MG;821684513.16;273894837.72;11311810.20
UNIMED PONTA GROSSA COOPERATIVA DE TRABALHO MEDICO;PR;791837590.44;263945863.48;8683382.93
REAL GRANDEZA - FUNDAÇÃO DE PREVIDÊNCIA E ASSISTÊNCIA SOCIAL;RJ;771384340.81;257128113.60;26592050.81
UNIMED SUL CAPIXABA COOPERATIVA DE TRABALHO MÉDICO;ES;767673113.63;255891037.88;14054566.28
PLANO HOSPITAL SAMARITANO LTDA;SP;759537714.58;253179238.19;36058079.71
UNIMED NOVA FRIBURGO-SOC.COOP.SERV.MED.HOSP.LTDA.;RJ;752207841.32;250735947.11;8270196.92
UNIMED DE MARILIA COOPERATIVA DE TRABALHO MÉDICO;SP;736183568.45;245394522.82;9823125.68
UNIMED VALE DO SÃO FRANCISCO COOPERATIVA DE TRABALHO MÉDICO;PE;729235684.10;243078561.37;11070441.55
UNIMED DE ARARAQUARA - COOP. DE TRAB. MÉDICO;SP;724567241.39;241522413.80;18863205.24
UNIMED JUNDIAI - COOPERATIVA DE TRABALHO MÉDICO;SP;722296122.81;240765374.27;9790469.28
INSTITUTO CURITIBA DE SAÚDE;PR;707166666.27;235722222.09;17834189.52
CENTRO CLÍNICO GAÚCHO LTDA;CE;706567922.89;235522640.96;11080054.33
UNIMED DE CRICIÚMA COOPERATIVA DE TRABALHO MÉDICO DA REGIÃO CARBONÍFERA;SC;694288015.33;231429338.44;9506217.07
UNIMED CHAPECÓ - COOPERATIVA DE TRABALHO MÉDICO DA REGIÃO OESTE CATARINENSE;SC;686290585.68;228763528.56;17870358.73
COOPERATIVA CENTRAL UNIMED DE COOPERATIVAS DE ASSISTÊNCIA À SAÚDE DO RIO GRANDE DO SUL LTDA.;RS;684014713.06;228004904.35;13202571.56
UNIMED REGIONAL DA BAIXA MOGIANA - COOPERATIVA DE TRABALHO MÉDICO;SP;662819716.81;220939905.60;11980640.08
UNIMED CARUARU-COOPERATIVA DE TRABALHO MEDICO;PE;660596510.69;220198836.90;14925714.70
ALICE OPERADORA LTDA.;SP;654594677.14;218198225.71;26289626.34
UNIMED FRANCA - SOCIEDADE COOPERATIVA DE SERVIÇOS MÉDICOS E HOSPITALARES;SP;651718407.99;217239469.33;7180443.88
FUNDAÇÃO COPEL DE PREVIDÊNCIA E ASSISTÊNCIA SOCIAL;PR;642800138.53;214266712.84;47517584.80
UNIMED SANTA MARIA/RS - COOPERATIVA DE ASSISTÊNCIA À SAÚDE LTDA;RS;624225185.75;208075061.92;11200961.42
HUMANA SAÚDE LTDA.;PR;620485038.73;206828346.24;11075968.08
ECONOMUS INSTITUTO DE SEGURIDADE SOCIAL;SP;617324370.81;205774790.27;30439239.95
COOPERATIVA DE TRABALHO MÉDICO DE POUSO ALEGRE;MG;601181910.28;200393970.09;10333568.79
UNIMED NOVA IGUACU COOPERATIVA DE TRABALHO MEDICO;RJ;595709818.48;198569939.49;15319500.50
LEVE SAUDE OPERADORA DE PLANOS DE SAUDE S.A;RJ;594170543.44;198056847.81;15934141.38
UNIMED GOVERNADOR VALADARES COOP. DE TRABALHO MÉDICO LTDA.;MG;585652842.81;195217614.27;10933613.34
SAMEL PLANO DE SAÚDE LTDA;AM;576070572.51;192023524.17;75420005.53
SOBAM CENTRO MÉDICO HOSPITALAR S.A.;SP;568667252.36;189555750.79;22867992.80
ASSOCIACAO DOS AUDITORES FISCAIS DA RECEITA ESTADUAL DE SAO PAULO;SP;566091712.79;188697237.60;70014328.93
METRUS INSTITUTO DE SEGURIDADE SOCIAL;SP;565962629.13;188654209.71;69185859.53
UNIMED DO CEARÁ - FEDERAÇÃO DAS SOCIEDADES COOPERATIVAS MÉDICAS DO ESTADO DO CEARÁ LTDA.;CE;563508025.85;187836008.62;18578651.17
DOCTOR CLIN OPERADORA DE PLANOS DE SAÚDE LTDA.;RS;563202408.78;187734136.26;33048451.34
ASSOCIAÇÃO SANTA SAÚDE;SP;562059047.99;187353016.00;24442923.32
UNIMED DE ARACATUBA - COOPERATIVA DE TRABALHO MÉDICO;SP;557867365.38;185955788.46;10490074.46
QUALLITY PRÓ SAÚDE PLANO DE ASSISTÊNCIA MÉDICA LTDA.;DF;551319495.39;183773165.13;31623100.66
CAIXA DE PREVIDÊNCIA E ASSISTÊNCIA DOS SERVIDORES DA FUNDAÇÃO NACIONAL DE SAÚDE - CAPESESP;RJ;544873028.40;181624342.80;76665155.13
UNIMED PATOS DE MINAS COOPERATIVA TRABALHO MÉDICO LTDA.;MG;537912183.10;179304061.03;10802983.59
UNIMED SALTO/ITU - COOPERATIVA MÉDICA;SP;527328330.83;175776110.28;6339763.82
UNIMED DE CAMPOS COOPERATIVA DE TRABALHO MÉDICO;RJ;516980836.83;172326945.61;9063764.48
UNIMED RONDONOPOLIS COOPERATIVA DE TRABALHO MÉDICO LTDA;MT;516725247.42;172241749.14;8820984.48
BENSAUDE PLANO DE ASSISTENCIA MEDICA HOSPITALAR LTDA.;SP;515754947.37;171918315.79;31383070.81
FUNDAÇÃO CHESF DE ASSISTÊNCIA E SEGURIDADE SOCIAL;PE;514631906.24;171543968.75;53337916.34
ASSOCIAÇÃO DE SAÚDE PORTUGUESA DE BENEFICÊNCIA;SP;504677174.07;168225724.69;19153049.65
UNIMED DE GUARULHOS COOPERATIVA DE TRABALHO MÉDICO;SP;504048014.81;168016004.94;8433192.25
UNIMED CAMPINA GRANDE - COOPERATIVA DE TRABALHO MEDICO LTDA;PB;501411831.10;167137277.03;24031401.17
H.B. SAÚDE S/A.;SP;501016963.58;167005654.53;33670620.23
UNIMED PORTO VELHO - SOCIEDADE COOPERATIVA MÉDICA LTDA;RO;496331225.61;165443741.87;9584405.74
UNIMED DE TUBARAO - COOPERATIVA DE TRABALHO MEDICO DA REGIAO DA AMUREL;SC;492513918.83;164171306.28;6008675.92
UNIMED AMPARO COOPERATIVA DE TRABALHO MÉDICO;SP;486083333.77;162027777.92;8289768.70
ASSOCIAÇÃO DE ASSISTÊNCIA À SAÚDE DOS EMPREGADOS DA COPASA;MG;474860715.21;158286905.07;26276041.36
AMPLA PLANOS DE SAUDE LTDA;RJ;474281905.32;237140952.66;18426577.30
UNIMED DE LIMEIRA COOPERATIVA DE TRABALHO MÉDICO;SP;467824974.22;155941658.07;10146712.40
UNIMED RIO VERDE COOPERATIVA TRABALHO MEDICO;GO;466765207.55;155588402.52;12404734.22
ALVORECER - ASSOCIAÇÃO DE SOCORROS MÚTUOS;SP;465398684.48;155132894.83;7180714.12
CAIXA DE ASSISTÊNCIA DOS EMPREGADOS DO BANCO DO ESTADO DO RIO GRANDE DO SUL;RS;462970464.79;154323488.26;26441712.55
PROMÉDICA - PROTEÇÃO MEDICA A EMPRESAS S.A.;BA;456661887.08;152220629.03;48717192.01
UNIMED CENTRO RONDÔNIA COOPERATIVA DE TRABALHO MÉDICO;RO;449565900.06;149855300.02;5252060.68
UNIMED DE DOURADOS COOPERATIVA DE TRABALHO MÉDICO LTDA;MS;448904671.97;149634890.66;5242456.88
SERVIÇO SOCIAL DA INDÚSTRIA DO PAPEL, PAPELÃO E CORTIÇA DO ESTADO DE SÃO PAULO - SEPACO;SP;448229393.58;149409797.86;40666945.72
CAIXA DE ASSISTÊNCIA À SAÚDE - CABERJ;RJ;446775438.93;148925146.31;18228714.71
UNIMED PLANALTO MÉDIO/RS - COOPERATIVA DE ASSISTÊNCIA À SAÚDE LTDA.;RS;446502909.64;148834303.21;9569560.55
UNIMED VALE DO SEPOTUBA - COOPERATIVA DE TRABALHO MÉDICO;MT;438937787.05;146312595.68;7769602.34
UNIMED COSTA OESTE - COOPERATIVA DE TRABALHO MÉDICO;PR;438340783.27;146113594.42;3545998.16
KLINI PLANOS DE SAÚDE LTDA;RJ;433143044.13;144381014.71;41160489.73
CIRCULO OPERARIO CAXIENSE;RS;429463961.84;143154653.95;10318379.02
UNIMED LESTE PAULISTA COOPERATIVA DE TRABALHO MÉDICO;SP;425493863.51;141831287.84;5453029.86
AUSTACLINICAS ASSISTÊNCIA MÉDICA E HOSPITALAR LTDA;SP;422421220.80;140807073.60;10769063.21
UNIMED ANHANGUERA COOPERATIVA DE TRABALHO MÉDICO;SP;421812132.65;140604044.22;9083246.58
INTEGRA ASSISTENCIA MEDICA SA;SP;416455711.72;138818570.57;75421078.63
UNIMED DO SUDOESTE COOPERATIVA DE TRABALHO MEDICO LTDA;BA;414029160.29;138009720.10;5893237.44
2CARE OPERADORA DE SAÚDE LTDA.;SP;411890291.79;137296763.93;21020832.02
PLANO DE SAÚDE ANA COSTA LTDA.;SP;409904251.53;136634750.51;19395282.37
UNIMED REGIONAL JAU - COOPERATIVA DE TRABALHO MÉDICO;SP;407513373.48;135837791.16;6737752.39
UNIMED PELOTAS/RS - COOPERATIVA DE ASSISTÊNCIA À SAÚDE LTDA.;RS;404185353.53;134728451.18;6798362.29
BIOVIDA SAÚDE LTDA.;SP;401604330.66;133868110.22;7786201.87
UNIMED DE BOTUCATU COOPERATIVA DE TRABALHO MÉDICO;SP;395832459.77;131944153.26;9579162.04
NOSSA SAÚDE - OPERADORA PLANOS PRIVADOS DE ASSISTÊNCIA  À SAÚDE LTDA.;PR;389411514.50;129803838.17;9770179.27
UNIMED DO CARIRI - SOCIEDADE COOPERATIVA MÉDICA LTDA;CE;389268468.92;129756156.31;16028752.09
ASSOCIAÇÃO DR. BARTHOLOMEU TACCHINI;RS;385500393.99;128500131.33;12882166.74
FUNDAÇÃO CELESC DE SEGURIDADE SOCIAL - CELOS;SC;385094625.66;128364875.22;18991099.72
UNIMED ANÁPOLIS COOPERATIVA DE TRABALHO MÉDICO.;GO;383239157.61;127746385.87;5363371.99
ABERTTA SAÚDE - ASSOCIAÇÃO BENEFICENTE DOS EMPREGADOS DA ARCELORMITTAL NO BRASIL;MG;380795151.60;126931717.20;13569799.43
UNIMED DE BEBEDOURO COOPERATIVA DE TRABALHO MÉDICO;SP;374434485.57;124811495.19;6644808.39
ASSOCIAÇÃO EVANGELICA BENEFICENTE DE LONDRINA;PR;374050199.85;124683399.95;8061012.47
UNIMED NOROESTE/RS - SOCIEDADE COOPERATIVA DE ASSISTÊNCIA À SAÚDE LTDA.;RS;373079030.62;124359676.87;3952075.87
UNIMED NOROESTE CAPIXABA COOPERATIVA DE TRABALHO MÉDICO.;ES;372980757.03;124326919.01;6023614.00
CAIXA DE ASSISTÊNCIA DOS EMPREGADOS DA EMPRESA BRASILEIRA DE PESQUISA  AGROPECUÁRIA;DF;361657949.45;120552649.82;36047846.67
UNIMED CENTRO OESTE PAULISTA - FEDERAÇÃO INTRAFEDERATIVA DAS COOPERATIVAS MÉDICAS;SP;359039455.81;119679818.60;18824556.90
UNIMED ARARUAMA COOPERATIVA DE TRABALHO MÉDICO LTDA;RJ;357011836.07;119003945.36;5399958.51
ASSOCIAÇÃO ASSISTENCIAL DE SAÚDE SUPLEMENTAR CRUZ AZUL SAÚDE;SP;354986470.53;118328823.51;7414926.32
UNIMED PALMAS COOPERATIVA DE TRABALHO MÉDICO;TO;354453954.42;118151318.14;4716089.21
UNIMED VARGINHA COOPERATIVA DE TRABALHO MÉDICO;MG;352741757.20;117580585.73;5676721.01
UNIMED PATO BRANCO SOCIEDADE COOPERATIVA DE MÉDICOS;PR;344545259.87;114848419.96;4547311.57
PROASA SAÚDE;DF;343886362.80;114628787.60;23717584.16
PLENA SAÚDE S.A.;SP;340423575.81;113474525.27;12049925.46
LIV LINHAS INTELIGENTES DE ATENÇÃO À VIDA S/A;SP;338240105.26;112746701.75;4075364.73
S.P.A SAUDE- SISTEMA DE PROMOÇÃO ASSISTENCIAL;SP;334958240.17;111652746.72;21540445.60
SERMED-SAÚDE LTDA.;SP;333058760.64;111019586.88;10901428.54
UNIMED DE RIO CLARO SP COOPERATIVA DE TRABALHO MEDICO;SP;331454071.83;110484690.61;2780323.31
IRMANDADE DA SANTA CASA DE MISERICÓRDIA DE PIRACICABA;SP;323476234.39;107825411.46;29121640.57
UNIMED CONSELHEIRO LAFAIETE COOPERATIVA DE TRABALHO MÉDICO LTDA;MG;323356443.30;107785481.10;4132612.66
LIFE EMPRESARIAL SAÚDE LTDA.;SP;322517470.51;107505823.50;21243930.80
UNIMED POÇOS DE CALDAS - SOC. COOP. DE TRAB. E SERVIÇOS MÉDICOS;MG;320425757.77;106808585.92;7171368.06
UNIMED RIO BRANCO COOPERATIVA DE TRABALHO MEDICO LTDA;AC;315566972.19;105188990.73;4486029.67
UNIÃO MÉDICA PLANOS DE SAÚDE S/A;BA;313644582.58;104548194.19;8419995.17
FUNDAÇÃO SANEPAR DE ASSISTÊNCIA SOCIAL;PR;312902056.02;104300685.34;33945103.70
UNIMED DE CATANDUVA - COOPERATIVA DE TRABALHO MÉDICO;SP;311312452.17;103770817.39;4598574.19
SÃO LUCAS SAÚDE S/A;SP;307697011.49;102565670.50;19109403.22
UNIMED REGIONAL DE CAMPO MOURÃO COOP TRAB MEDICO;PR;301880269.93;100626756.64;5997656.02
LUMINAR SAÚDE - ASSOCIAÇÃO DE ASSISTÊNCIA À SAÚDE;DF;300436903.00;100145634.33;14931790.85
UNIMED NORTE CAPIXABA- COOPERATIVA DE TRABALHO MÉDICO;ES;300129898.21;100043299.40;4966871.11
SAUDE PAS - MEDICINA E ODONTO;RS;295529575.17;98509858.39;43876955.43
UNIMED DE ASSIS COOPERATIVA DE TRABALHO MÉDICO;SP;295485274.93;98495091.64;3636782.12
UNIMED MARANHÃO DO SUL - COOPERATIVA DE TRABALHO MÉDICO;MA;294146146.97;98048715.66;4211483.86
FUNDAÇÃO AFFEMG DE ASSISTÊNCIA E SAÚDE - FUNDAFFEMG;MG;290975388.44;96991796.15;27211662.90
UNIMED NORDESTE PAULISTA - FED. INTRAFEDERATIVA DAS COOP. MÉDICAS;SP;286769744.78;95589914.93;10607411.47
UNIMED GUARAPUAVA COOPERATIVA DE TRABALHO MÉDICO;PR;285268588.82;95089529.61;2688669.07
UNIMED TEOFILO OTONI COOPERATIVA DE TRABALHO MÉDICO;MG;285097430.79;95032476.93;7891210.83
CAIXA DE ASSISTÊNCIA OSWALDO CRUZ;RJ;284519634.69;94839878.23;29946956.57
UNIMED MONTES CLAROS COOPERATIVA DE  TRABALHO MÉDICO LTDA.;MG;280324396.22;93441465.41;5316934.40
UNIMED ENCOSTA DA SERRA/RS SOCIEDADE COOPERATIVA DE SERVIÇOS DE SAÚDE LTDA.;RS;278347187.12;92782395.71;6061913.21
OPERADORA UNIESTE DE PLANOS DE SAÚDE LTDA;RJ;277385890.86;92461963.62;14398880.98
SANTA CASA DE MISERICÓRDIA DE JUIZ DE FORA;MG;277292881.06;92430960.35;8098347.20
UNIMED DE OURINHOS - COOPERATIVA DE TRABALHO MÉDICO;SP;275392261.92;91797420.64;5679113.56
PLANO DE SAÚDE DA SANTA CASA DE BRAGANÇA PAULISTA;SP;274135701.62;91378567.21;11237916.37
UNIMED PETROPOLIS-RJ COOPERATIVA DE TRABALHO MÉDICO;RJ;273656791.48;91218930.49;5489356.46
UNIMED COSTA DO DESCOBRIMENTO COOPERATIVA DE TRABALHO MÉDICO;BA;272333358.45;90777786.15;5455914.17
UNIMED VALE DO CAÍ/RS - COOPERATIVA DE ASSISTÊNCIA À SAÚDE LTDA.;RS;266791319.82;88930439.94;5546840.05
CABERJ INTEGRAL SAÚDE S.A;RJ;262487545.66;87495848.55;13134904.16
UNIMED DE BARRA MANSA SOC. COOP. SERV.MED.E HOSPIT.;RJ;261983928.84;87327976.28;7361662.09
UNIMED DE BRUSQUE COOPERATIVA DE TRABALHO MÉDICO;SC;257527593.43;85842531.14;3784054.38
MÚTUA DOS MAGISTRADOS DO ESTADO DO RIO DE JANEIRO;RJ;253746936.16;84582312.05;31508182.62
SAÚDE BRB - CAIXA DE ASSISTÊNCIA;DF;253162734.59;84387578.20;14515387.09
UNIMED EXTREMO SUL COOPERATIVA DE TRABALHO MÉDICO;BA;245520341.83;81840113.94;2931901.40
UNIMED DE SÃO ROQUE - COOPERATIVA DE TRABALHO MÉDICO;SP;244841888.90;81613962.97;4298949.17
POLICLIN SAÚDE S/A.;SP;244554496.44;81518165.48;19951186.86
FUNDAÇÃO FIAT SAÚDE E BEM ESTAR;MG;243461950.87;81153983.62;26479889.45
UNIMED DE PARANAGUÁ COOPERATIVA DE TRABALHO MÉDICO;PR;243445662.56;81148554.19;3633690.91
UNIMED MISSÕES/RS - COOPERATIVA DE ASSISTÊNCIA À SAÚDE LTDA.;RS;242992324.54;80997441.51;3869355.44
UNIHOSP SAÚDE LTDA;SP;241133786.26;80377928.75;4454717.63
UNIMED CURVELO COOPERATIVA DE TRABALHO MÉDICO LTDA.;MG;240898987.53;80299662.51;3424495.38
UNIMED METROPOLITANA DO AGRESTE - COOPERATIVA DE TRABALHO MÉDICO;AL;237706613.72;79235537.91;3701949.91
MED-TOUR ADMINISTRADORA DE BENEFÍCIOS E EMPREENDIMENTOS LTDA.;SP;236903882.86;78967960.95;17187641.27
UNIMED RESENDE COOPERATIVA DE TRABALHO MÉDICO;RJ;234999631.78;78333210.59;4994331.43
ASSOCIAÇÃO FCA SAÚDE;MG;233950300.90;77983433.63;24926216.52
UNIMED ARAXÁ COOPERATIVA DE TRABALHO MÉDICO LTDA.;MG;232896371.55;77632123.85;3193444.49
UNIMED BARRA DO GARÇAS - COOPERATIVA DE TRABALHO MÉDICO;MT;232138662.68;77379554.23;2686892.15
UNIMED DE CATALÃO COOPERATIVA DE TRABALHO MÉDICO;GO;231564204.52;77188068.17;6641359.40
UNIMED NORTE FLUMINENSE COOPERATIVA DE TRABALHO MEDICO;RJ;228393727.22;76131242.41;4737205.33
SIM - CAIXA DE ASSISTÊNCIA À SAÚDE;SC;224108530.81;74702843.60;21064791.56
UNIMED LITORAL SUL/RS - COOPERATIVA DE ASSISTÊNCIA À SAÚDE LTDA.;RS;223570154.43;74523384.81;2805933.94
UNIMED CABO FRIO COOPERATIVA TRABALHO MÉDICO LTDA.;RJ;223394453.19;74464817.73;7450529.55
CAIXA DE ASSISTENCIA A SAUDE DA UNIVERSIDADE;MG;222509215.09;74169738.36;19299534.00
UNIMED DE PINDAMONHANGABA - COOPERATIVA TRABALHO MEDICO;SP;221672264.18;73890754.73;4821190.11
IRMANDADE SANTA CASA DE MISERICÓRDIA DE MARINGÁ;PR;221043528.29;73681176.10;6430886.07
CENTRAL REGIONAL DAS COOPERATIVAS MÉDICAS - UNIMED CERRADO;GO;218104275.58;72701425.19;8305925.15
ELOSAÚDE - ASSOCIAÇÃO DE ASSISTÊNCIA À SAÚDE;SC;216174296.74;72058098.91;9873865.95
UNIMED INCONFIDENTES COOPERATIVA DE TRABALHO MÉDICO LTDA.;MG;214403232.57;71467744.19;3926078.22
UNIMED DE PARANAVAÍ COOPERATIVA DE TRABALHO MÉDICO;PR;212972744.32;70990914.77;3410905.61
ASSOCIAÇÃO SÃO FRANCISCO VIDA;SP;212704208.55;70901402.85;16528608.98
UNIMED MEIO OESTE CATARINENSE COOPERATIVA DE TRABALHO MÉDICO;SC;210582908.16;70194302.72;2526108.64
UNIMED DE MANAUS COOP. DO TRABALHO MÉDICO LTDA;AM;209773599.43;69924533.14;10440310.57
BENEFICENCIA CAMILIANA DO SUL;SP;209505152.72;104752576.36;16491971.80
ASSOCIAÇÃO ADVENTISTA NORTE BRASILEIRA DE PREVENÇÃO E ASSISTÊNCIA A SAÚDE;PA;207945240.66;69315080.22;14038054.35
ASSOCIAÇÃO DA SANTA CASA SAÚDE DE RIBEIRÃO PRETO;SP;207104608.93;69034869.64;8288597.78
UNIMED REGIONAL SUL GOIAS COOP. DE TRABALHO MÉDICO LTDA;GO;206845760.49;68948586.83;3713553.77
UNIMED APUCARANA COOPERATIVA DE TRABALHO MÉDICO;PR;203166876.80;67722292.27;4429920.60
UNIMED DE CAÇAPAVA - COOPERATIVA DE TRABALHO MEDICO;SP;202118597.76;67372865.92;2344630.49
UNIMED ALTO VALE - COOPERATIVA DE TRABALHO MÉDICO;SC;198536572.72;66178857.57;2130389.32
HBC SAÚDE LTDA.;SP;198288372.63;66096124.21;14213213.69
UNIMED OESTE DO PARANA - COOPERATIVA DE TRABALHO MEDICO;PR;195730127.97;65243375.99;2244571.56
UNIMED DE LENÇOIS PAULISTA - COOPERATIVA DE TRABALHO MÉDICO;SP;193573895.24;64524631.75;4544403.58
FUNDAÇAO COMPESA DE PREVIDENCIA E ASSISTENCIA - COMPESAPREV;PE;191722536.87;63907512.29;19086976.02
UNIMED ERECHIM - COOPERATIVA DE SERVIÇOS DE SAÚDE LTDA.;RS;190786343.13;63595447.71;2481284.58
UNIMED NOROESTE DO PARANÁ COOP DE TRABALHO MÉDICO .;PR;190562519.70;63520839.90;3253656.48
COOPERATIVA DE TRABALHO MEDICO REGIÃO DO PLANALTO SERRANO;SC;189163181.48;63054393.83;2164539.37
UNIMED REGIONAL DE TRES LAGOAS COOPERATIVA DE TRABALHO MÉDICO;MS;188020547.32;62673515.77;7391860.94
UNIMED BARBACENA - COOPERATIVA DE TRABALHO MÉDICO LTDA;MG;185785232.10;61928410.70;3719241.82
IRMANDADE DA SANTA CASA DE MISERICÓRDIA DE RIO CLARO;SP;185035529.25;61678509.75;5587761.59
UNIMED PARÁ DE MINAS COOPERATIVA DE TRABALHO MÉDICO LTDA.;MG;183760263.69;61253421.23;2572854.57
ASSOCIAÇÃO BENEFICENTE DE ASSISTÊNCIA A SAÚDE DOS JUÍZES DO TRABALHO DA 15ª REGIÃO (ABAS 15);SP;181797246.89;60599082.30;26533542.96
UNIMED OS BANDEIRANTES COOPERATIVA DE TRABALHO MÉDICO;SP;181379866.55;60459955.52;3696849.93
UNIMED MURIAÉ COOPERATIVA DE TRABALHO MEDICO LTDA;MG;181048139.37;60349379.79;7076627.26
CAIXA ASSISTENCIAL E BENEFICENTE DOS FUNCIONÁRIOS DA ACARESC;SC;180707625.10;60235875.03;17324468.24
UNIMED VALE DO AÇO COOPERATIVA DE TRABALHO MÉDICO;MG;180208547.61;90104273.80;5278204.77
ASSOCIAÇÃO PADRE ALBINO SAÚDE;SP;179748132.62;59916044.21;13130065.20
CENTRO HOSPITALAR ATIBAIA LTDA.;SP;179642797.77;59880932.59;26453808.43
UNIMED DE LINS - COOPERATIVA DE TRABALHOS MÉDICOS;SP;179323057.85;59774352.62;2448614.88
AMESC - ASSOCIAÇÃO MÉDICA ESPÍRITA CRISTÃ;RJ;177480955.39;59160318.46;9398493.72
UNIMED SÃO JOÃO DEL REI - COOPERATIVA DE TRABALHO MÉDICO;MG;176066163.94;58688721.31;2057969.99
ASSOCIAÇÃO DOS SERVIDORES FISCAIS DO ESTADO DA BAHIA;BA;174773620.18;58257873.39;19264470.71
UNIMED ITABIRA COOPERATIVA DE TRABALHO MÉDICO;MG;174663478.99;58221159.66;5607935.11
FUNDAÇÃO DE SAÚDE ITAIGUAPY;PR;173775632.05;57925210.68;14352104.04
SELECT OPERADORA DE PLANO DE SAUDE LTDA;GO;172977941.46;57659313.82;18317738.57
UNIMED JOÃO MONLEVADE COOPERATIVA DE TRABALHO MÉDICO LTDA.;MG;171835955.68;57278651.89;3875456.19
UNIMED DE TATUI - COOPERATIVA DE TRABALHO MÉDICO;SP;170017315.58;56672438.53;2187689.61
UNIMED DE JABOTICABAL COOP. DE TRABALHO MÉDICO;SP;169782855.54;56594285.18;3192080.34
UNIMED LAVRAS COOPERATIVA DE TRABALHO MÉDICO;MG;168630712.96;56210237.65;2697827.55
UNIMED EXTREMO OESTE CATARINENSE COOPERATIVA DE TRABALHO MÉDICO;SC;168185603.51;56061867.84;2218657.15
UNIMED DE LORENA COOPERATIVA DE TRABALHO MÉDICO;SP;167574830.90;55858276.97;5226494.75
UNIMED CENTRO SUL FLUMINENSE COOPERATIVA DE TRABALHO MÉDICO;RJ;167495546.07;55831848.69;3098098.57
CAIXA DE ASSISTÊNCIA DOS SERVIDORES FAZENDÁRIOS ESTADUAIS;CE;167108484.68;55702828.23;30745174.30
UNIMED NORTE PIONEIRO - COOPERATIVA DE TRABALHO MÉDICO;PR;160537041.37;53512347.12;3273934.40
UNIMED FRONTEIRA NOROESTE/RS - COOPERATIVA DE ASSISTÊNCIA À SAÚDE LTDA.;RS;159914657.21;53304885.74;2555261.61
OESTE SAÚDE ASSISTÊNCIA A SAÚDE SUPLEMENTAR S.A;SP;159275545.73;53091848.58;8478150.94
ASSOCIAÇÃO BENEFICENTE DOS PROFESSORES PÚBLICOS ATIVOS E INATIVOS DO RIO DE JANEIRO - APPAI;RJ;159229813.43;53076604.48;28453350.32
CAIXA DE ASSISTÊNCIA À SAÚDE DOS SERVIDORES PÚBLICOS DO ESTADO DO MATO GROSSO DO SUL;MS;158227074.42;52742358.14;12461199.06
CAIXA DE ASSISTÊNCIA DOS EMPREGADOS DA SANEAGO;GO;157382827.88;52460942.63;30517523.55
FUNDAÇÃO DE SEGURIDADE SOCIAL DA ARCELORMITTAL BRASIL - FUNSSEST;ES;154395998.75;51465332.92;24781127.71
AGROS - INSTITUTO UFV DE SEGURIDADE SOCIAL;MG;153802313.06;51267437.69;19441193.49
ASSOCIAÇÃO SANTA CASA SAÚDE DE ARAÇATUBA;SP;153753344.78;51251114.93;2744244.44
UNIMED ARAGUARI COOPERATIVA DE TRABALHO MÉDICO;MG;153614091.69;51204697.23;3403895.15
SAÚDE SANTA TEREZA LTDA.;SP;153604162.91;51201387.64;11874537.16
OPERADORA UNICENTRAL DE PLANOS DE SAÚDE LTDA.;SP;151654074.60;50551358.20;6938562.89
ASSOCIAÇAO DOS FUNCIONARIOS PUBLICOS DO ESTADO DO RIO GRANDE DO SUL;RS;150835034.39;50278344.80;8306012.23
METLIFE PLANOS ODONTOLÓGICOS LTDA.;SP;148106532.03;49368844.01;15942142.52
SANTA CASA DE MAUÁ SAÚDE;SP;147531900.01;49177300.00;3063977.29
UNIMED ITUIUTABA COOPERATIVA TRABALHO MÉDICO LTDA.;MG;144982473.82;48327491.27;2291392.64
ELETROS SAÚDE - ASSOCIAÇÃO DE ASSISTÊNCIA À SAÚDE;RJ;144254841.31;48084947.10;7634926.49
UNIMED TRÊS RIOS COOPERATIVA DE TRABALHO MÉDICO;RJ;143732325.46;47910775.15;2896059.31
UNIMED ITAJUBA COOPERATIVA DE TRABALHO MEDICO;MG;143614657.64;47871552.55;3828689.54
UNIMED ALTA MOGIANA COOPERATIVA DE TRABALHO MÉDICO;SP;142700386.35;47566795.45;2842346.67
UNIMED ITAÚNA COOPERATIVA DE TRABALHO MÉDICO LTDA.;MG;142062757.08;47354252.36;2763219.01
ASSISTÊNCIA MÉDICA SÃO MIGUEL LTDA;SP;142014083.89;47338027.96;2556484.45
SAMI ASSISTÊNCIA MÉDICA LTDA;SP;141655650.89;47218550.30;19298469.03
COOPERATIVA DE TRABALHO MEDICO DE ARAGUAÍNA - UNIMED ARAGUAÍNA;TO;138704209.04;46234736.35;1520810.10
UNIMED DE GUARATINGUETA-COOPERATIVA DE TRABALHO MÉDICO;SP;137731566.42;45910522.14;3909156.79
VIVACOM PLANOS DE SAÚDE;GO;137289222.78;45763074.26;10651187.99
UNIMED VALE DAS ANTAS, RS - COOPERATIVA DE ASSISTÊNCIA À SAÚDE LTDA.;RS;136923002.54;45641000.85;3361829.98
CAIXA DE ASSISTÊNCIA DOS EMPREGADOS DO SISTEMA FINANCEIRO BANESTES;ES;136502854.02;45500951.34;13584879.85
UNIMED SAÚDE E ODONTO S.A;SP;136168667.44;45389555.81;11356563.81
UNIMED OESTE DO PARÁ - COOPERATIVA DE TRABALHO MÉDICO;PA;136042176.96;45347392.32;11246945.71
PARANA ASSISTENCIA MEDICA LTDA;PR;135407816.92;45135938.97;5636970.49
UNIMED SUL PAULISTA - COOPERATIVA DE TRABALHO MÉDICO;SP;134252990.43;44750996.81;3045209.97
TEMPO MED PLANO DE SAUDE LTDA;SC;133639690.18;44546563.39;4601403.41
ASSOCIAÇÃO DE ASSISTÊNCIA À SAÚDE DA AMAGIS;MG;132683142.21;44227714.07;12137468.63
IRMANDADE DA SANTA CASA DE MISERICORDIA DE LIMEIRA;SP;132507259.48;44169086.49;5401559.84
GARANTIA DE SAÚDE LTDA;SP;132163553.86;44054517.95;14718596.33
NOVA SAÚDE OPERADORA INTEGRADA DE SAÚDE LTDA;RJ;131535372.09;43845124.03;29163262.31
SULMED - ASSISTÊNCIA MÉDICA LTDA;RS;130735624.71;43578541.57;8211900.01
ESMALE ASSISTENCIA INTERNACIONAL DE SAUDE LTDA.;AL;130389989.32;43463329.77;13507217.75
COOPERATIVA DE TRABALHO MÉDICO DO PLANALTO NORTE DE SANTA CATARINA LTDA;SC;128215391.16;42738463.72;1326978.28
UNIODONTO DE CAMPINAS COOPERATIVA ODONTOLÓGICA;SP;127615844.25;42538614.75;7285632.81
UNIMED DE SOBRAL SOCIEDADE COOPERATIVA MÉDICA LTDA;CE;127147663.32;42382554.44;3378048.65
GOCARE PLANOS DE SAUDE LTDA;SP;124817850.15;41605950.05;5198207.04
ASSOCIAÇÃO DE SAÚDE DO VALE;SC;122362738.43;40787579.48;12626269.44
PLADISA PLANOS DE SAÚDE SA;SC;122312021.64;40770673.88;8362367.83
PLAMED PLANO DE ASSISTENCIA MEDICA LTDA;SE;121171687.29;40390562.43;13480680.89
AMHE MED ASSISTENCIA A SAUDE LTDA - EPP;SP;120612567.03;40204189.01;3943029.39
MATÃO CLINICAS & AMHMA SAÚDE LTDA;SP;119066504.46;39688834.82;5497591.47
BEST SENIOR OPERADORA DE SAÚDE LTDA;ES;117719337.13;39239779.04;8832161.76
UNIMED CENTRO PAULISTA - FEDERAÇÃO INTRAFEDERATIVA DAS COOPERATIVAS MÉDICAS;SP;117169193.72;39056397.91;10483782.28
PRONTOMED PLANOS DE SAÚDE LTDA;MG;116706968.18;38902322.73;7265202.04
FUNDACAO LEONOR DE BARROS CAMARGO;SP;116706558.40;38902186.13;9582629.09
ASSOCIAÇÃO POLICIAL DE ASSISTÊNCIA À SAÚDE;SP;116683970.15;38894656.72;1826750.44
UNIMED DE ANDRADINA - COOPERATIVA DE TRABALHO MÉDICO;SP;116411325.68;38803775.23;1386587.49
UNIMED GUAXUPÉ COOPERATIVA DE TRABALHO MEDICO;MG;115926956.74;38642318.91;1442496.32
VITA ASSISTÊNCIA A SAÚDE LTDA.;MG;115568137.09;38522712.36;4981196.26
ASSOCIAÇÃO DE SAÚDE DOS FORNECEDORES DE CANA DE PIRACICABA E REGIÃO;SP;115422240.27;38474080.09;8050556.68
SUL AMÉRICA ODONTOLÓGICO S/A;SP;115320585.09;38440195.03;6262291.86
UNIMED PATROCÍNIO COOPERATIVA DE TRABALHO MÉDICO LTDA.;MG;114894954.68;38298318.23;3469227.58
UNIMED DE IBITINGA COOPERATIVA DE TRABALHO MÉDICO;SP;114084890.03;38028296.68;2600837.21
CAIXA ASSISTENCIAL UNIVERSITÁRIA DO RIO GRANDE DO NORTE;RN;114005958.82;38001986.27;11376294.62
CAIXA DE ASSISTÊNCIA À SAUDE DOS EMPREGADOS DA CODEVASF - CASEC;DF;113370861.01;37790287.00;20344282.55
AMEPLAN ASSISTÊNCIA MÉDICA PLANEJADA LTDA;SP;112922790.17;37640930.06;2861770.43
ASSOCIAÇÃO DE ASSISTÊNCIA MÉDICO HOSPITALAR DOS MAGISTRADOS DO ESTADO DO PARANÁ;PR;111974923.48;37324974.49;7483720.03
UNIMED SÃO LOURENÇO COOPERATIVA DE TRABALHO MÉDICO;MG;111749913.19;37249971.06;1755957.12
UNIMED ALTO DA SERRA - SOCIEDADE COOPERATIVA DE SERVIÇO MÉDICO LTDA.;RS;111356975.03;37118991.68;1940053.37
UNIMED NORTE PAULISTA - COOPERATIVA DE TRABALHO MÉDICO;SP;109861978.62;36620659.54;1250888.97
UNIMED DE AVARÉ COOPERATIVA DE TRABALHO MÉDICO;SP;109521397.29;36507132.43;1351434.82
UNIMED COSTA VERDE RJ;RJ;109226275.76;36408758.59;2560495.08
SANTA CASA DE MISERICORDIA DE SAO JOAQUIM DA BARRA;SP;108971377.58;36323792.53;3595819.75
ASSOCIAÇÃO MINEIRA DE ASSISTÊNCIA À SAÚDE DOS MEMBROS DO MINISTÉRIO PÚBLICO;MG;108597203.43;36199067.81;17514676.80
UNIMED CAÇADOR COOPERATIVA DE TRABALHO MÉDICO DA REGIÃO DO CONTESTADO;SC;108339592.59;36113197.53;2462199.78
CAIXA DE ASSISTÊNCIA À SAÚDE DO SINDICATO DOS FUNCIONÁRIOS INTEGRANTES DO GRUPO OCUPACIONAL ADMINISTRAÇÃO TRIBUTÁRIA DO ESTADO DE PERNAMBUCO;PE;107477510.29;35825836.76;11517622.06
SÃO DOMINGOS SAÚDE- ASSISTÊNCIA MÉDICA  LTDA;SP;107464992.25;35821664.08;6151378.98
UNIMED DE BIRIGUI - COOPERATIVA DE TRABALHO MÉDICO;SP;106107221.63;35369073.88;1788410.14
ASSOCIAÇÃO DO PLANO DE SAÚDE DA SANTA CASA DE MISERICÓRDIA DE ITABUNA - PLANSUL;BA;105439253.92;35146417.97;3456181.52
AMHA SAUDE S/A;SP;104644848.76;34881616.25;8116356.56
UNIMED MARQUES DE VALENÇA COOPERATIVA DE TRABALHO MÉDICO LTDA.;RJ;104614173.87;34871391.29;1843804.46
UNIMED ALTO SÃO FRANCISCO COOPERATIVA DE TRABALHO MÉDICO;MG;104167332.85;34722444.28;1876033.21
SISTEMAS E PLANOS DE SAÚDE LTDA.;SP;103937544.18;34645848.06;16163567.01
CAIXA DE ASSISTÊNCIA DOS FUNCIONÁRIOS DO BANCO DA AMAZÔNIA - CASF;PA;103629830.36;34543276.79;6330406.07
UNIMED NOROESTE FLUMINENSE - COOPERATIVA DE TRABALHO MÉDICO LTDA;RJ;103306207.58;34435402.53;5407878.72
HOSPITAIS E CLÍNICAS DO PIAUÍ S/S LTDA;PI;102931097.99;34310366.00;6207022.87
FUNDAÇÃO LIBERTAS DE SEGURIDADE SOCIAL;MG;101370209.47;33790069.82;9336151.76
ASSOCIAÇÃO SAÚDE SÃO JOSÉ;SC;100029178.73;33343059.58;5221439.37
INSTITUIÇÃO BENEFICENTE CEL MASSOT - IBCM;RS;98913688.97;32971229.66;6325069.37
SÃO FRANCISCO ASSISTÊNCIA MÉDICA LTDA;PE;97870907.35;32623635.78;6179738.35
ASSOCIAÇÃO MAIS SAÚDE SANTA CASA DE SÃO JOÃO DA BOA VISTA;SP;96593314.10;32197771.37;8248617.67
DENTAL UNI - COOPERATIVA ODONTOLÓGICA;PR;92725327.44;30908442.48;6240551.11
UNIMED NORTE DO PARANÁ COOPERATIVA REGIONAL DE TRABALHO MÉDICO;PR;92651254.48;30883751.49;1406017.41
UNIMED SUDOESTE DE MINAS COOPERATIVA DE TRABALHO MÉDICO;MG;91792631.90;30597543.97;2827144.48
ASSOCIAÇÃO POLICIAL DE ASSISTÊNCIA À SAÚDE DE BAURU;SP;91766703.82;30588901.27;15684712.75
ASSOCIAÇÃO SÃO LUIZ SAÚDE;SP;91717430.84;30572476.95;6591243.16
UNIMED DE UBA COOPERATIVA DE TRABALHO MEDICO;MG;91497351.63;30499117.21;1715636.41
SAMOC S.A. - SOCIEDADE ASSISTENCIAL MÉDICA E ODONTO CIRÚRGICA;RJ;91474158.13;30491386.04;6281119.16
UNIMED VALE DO JAURU COOPERATIVA DE TRABALHO MÉDICO;MT;91067136.56;30355712.19;2978006.78
AMAZÔNIA PLANOS DE SAÚDE LTDA;PA;90607567.52;30202522.51;10541745.38
CAIXA DE ASSISTÊNCIA SISTEMA SAÚDE INTEGRAL-SSI SAUDE;RS;90539084.03;30179694.68;15197763.85
ÚNICA ASSISTENCIA MEDICA LTDA;SP;90035865.85;30011955.28;19063013.54
IRMANDADE DE MISERICÓRDIA DO HOSPITAL DA SANTA CASA DE MONTE ALTO;SP;89978220.51;29992740.17;4375677.74
UNIMED GURUPI COOPERATIVA DE TRABALHO MÉDICO;TO;89768742.44;29922914.15;1134837.74
UNIMED DE TAUBATÉ COOPERATIVA DE TRABALHO MÉDICO;SP;89639093.62;29879697.87;2339840.46
IRMANDADE DA SANTA CASA DE MISERICÓRDIA DE PASSOS;MG;87298069.51;29099356.50;2957695.41
ASSOCIAÇÃO FUNDO DE PROTEÇÃO À SAÚDE;PR;87200555.69;29066851.90;8265042.99
CAIXA DE ASSISTÊNCIA AOS MEMBROS DA DEFENSORIA PÚBLICA DO ESTADO DO RIO DE JANEIRO;RJ;86611416.50;28870472.17;6704641.48
UNIMED DE CAPIVARI -COOPERATIVA DE TRABALHO MÉDICO;SP;86466231.02;28822077.01;1347012.08
PLANO DE SAUDE ASES LTDA.;RJ;86378293.46;28792764.49;4208989.77
LEADER ASSISTÊNCIA MÉDICA E HOSPITALAR LTDA.;SP;85394287.78;28464762.59;2119873.79
UNIMED NOROESTE DE MINAS COOPERATIVA DE TRABALHO MEDICO LTDA;MG;83303367.25;27767789.08;1790649.15
UNIMED TRÊS CORAÇÕES COOPERATIVA DE TRABALHO MÉDICO LTDA.;MG;81876413.85;27292137.95;1723635.57
UNIMED CATAGUASES COOPERATIVA DE TRABALHO MÉDICO LTDA;MG;81613519.29;27204506.43;967026.79
ANAFE SAUDE;GO;81122122.60;27040707.53;10259942.36
UNIMED DE MINEIROS COOPERATIVA DE TRABALHO MÉDICO;GO;81000994.31;27000331.44;1762988.35
UNIMED DE BARRETOS COOPERATIVA DE TRABALHO MÉDICO;SP;80819958.63;26939986.21;1973068.32
UNIMED DE TUPA COOPERATIVA DE TRABALHO MÉDICO;SP;80638974.68;26879658.23;1223457.67
UNIMED VILHENA - COOPERATIVA DE TRABALHO MEDICO LTDA;RO;80389107.77;26796369.26;1698739.69
UNIMED INTRAFEDERATIVA FEDERAÇÃO REGIONAL SUL DE MINAS;MG;78708982.99;26236327.66;14361155.69
ASSOCIAÇÃO DOS AUDITORES FISCAIS DO ESTADO DA PARAÍBA - AFRAFEP;PB;78567423.02;26189141.01;16588229.74
UNIMED DE PIRASSUNUNGA COOPERATIVA DE TRABALHO MÉDICO;SP;77853885.77;25951295.26;2461307.91
ASSOCIAÇÃO DOS FUNCIONÁRIOS DO FISCO DO ESTADO DE GOIÁS;GO;77522620.19;25840873.40;12497832.52
UNIMED PONTAL DO TRIÂNGULO - COOPERATIVA DE TRABALHO MÉDICO;MG;77308063.04;25769354.35;1751398.01
UNIMED CARATINGA - COOPERATIVA DE TRABALHO MÉDICO LTDA;MG;76638984.24;25546328.08;1681060.84
SAÚDE BRASIL ASSISTÊNCIA MÉDICA LTDA.;SP;76487958.58;25495986.19;5422108.23
MAIS SAÚDE PLANO DE SAÚDE LTDA;GO;76270201.63;25423400.54;6795177.59
GS PLANO GLOBAL DE SAÚDE LTDA;RJ;75557174.58;25185724.86;3904523.81
UNIMED FRUTAL COOPERATIVA DE TRABALHO MEDICO LTDA;MG;75523564.44;25174521.48;913777.98
CONFERÊNCIA SÃO JOSÉ DO AVAÍ;RJ;75500542.00;25166847.33;3820098.40
SANTA CASA DE MISERICÓRDIA DE VOTUPORANGA;SP;75500407.37;25166802.46;3857889.93
UNITY SERVIÇOS INTEGRADOS DE SAÚDE LTDA.;DF;74783103.03;24927701.01;6686081.89
UNIMED VIÇOSA - COOPERATIVA DE TRABALHO MÉDICO;MG;73730866.40;24576955.47;1322625.92
IRMANDADE DE MISERICORDIA DE PORTO FERREIRA;SP;73679846.02;24559948.67;11130599.24
CAIXA DE ASSISTÊNCIA DOS EMPREGADOS DO BANEB;BA;72669812.09;24223270.70;6296893.46
OPERADORA DE PLANOS PRIVADOS DE SAÚDE - SANTA CASA SAÚDE LTDA;MS;72487211.88;24162403.96;4897768.24
INTERMEDICI PIRACICABA ASSISTENCIA MEDICA LTDA;SP;71072227.51;23690742.50;3665056.19
UNIMED DE MOCOCA COOPERATIVA DE TRAB. MÉDICO;SP;70531342.87;23510447.62;1654445.35
ASSOCIAÇÃO DO FISCO DE ALAGOAS;AL;69725674.60;23241891.53;10150918.20
UNIMED VALE DO PIQUIRI-COOPERATIVA DE TRABALHO MÉDICO VALE DO PIQUIRI;PR;69200216.66;23066738.89;2054569.96
UNIMED VERTENTE DO CAPARAÓ - COOPERATIVA DE TRABALHO MÉDICO LTDA;MG;68672165.73;22890721.91;1800133.64
UNIMED PLANALTO CENTRAL/RS - COOPERATIVA DE ASSISTÊNCIA  À SAÚDE LTDA.;RS;67843284.79;22614428.26;1309748.10
ASSOCIAÇÃO PARANAENSE DE ASSISTÊNCIA À SAUDE DOS MEMBROS DO MINISTERIO PUBLICO DO PARANÁ;PR;67536650.31;22512216.77;5987997.02
UNIMED DE SAO JOSÉ DO RIO PARDO-COOP. DE TRAB. MÉDICO;SP;67524417.62;22508139.21;1972486.60
FUNDAÇÃO FILANTRÓPICA E BENEFICENTE DE SAÚDE ARNALDO GAVAZZA FILHO;MG;67182066.51;22394022.17;2491594.75
CAIXA DE ASSISTÊNCIA DOS MAGISTRADOS DE PERNAMBUCO;PE;67106647.43;22368882.48;3930080.82
UNIMED-RIO COOPERATIVA DE TRABALHO MEDICO DO RIO DE JANEIRO;RJ;65480619.35;65480619.35;37805253.21
PLANO ODONTOLÓGICO DENTALVIDAS LTDA.;SP;64964948.84;21654982.95;11034732.36
BRASILDENTAL OPERADORA DE PLANOS ODONTOLÓGICOS S.A.;SP;63563719.97;21187906.66;7500171.02
UNIMED DE DRACENA - COOPERATIVA DE TRABALHO MÉDICO;SP;62085078.03;20695026.01;806470.95
UNIMED ALFENAS COOPERATIVA DE TRABALHO MEDICO;MG;61772509.59;20590836.53;2170515.39
UNIMED REGIÃO DA CAMPANHA/RS - COOPERATIVA DE ASSISTÊNCIA À SAÚDE LTDA.;RS;61631205.80;20543735.27;1153298.98
UNIMED REGIÃO DA PRODUÇÃO/RS - COOPERATIVA DE ASSISTÊNCIA À SAÚDE LTDA;RS;61158874.58;20386291.53;1420051.02
POLI SAUDE OPERADORA DE PLANO DE SAUDE LTDA;PR;61136771.16;20378923.72;3435343.44
UNIODONTO DE SÃO JOSÉ DOS CAMPOS COOPERATIVA DE TRABALHO ODONTOLÓGICO;SP;60168652.93;20056217.64;3259560.38
UNIMED SÃO SEBASTIÃO DO PARAÍSO COOPERATIVA DE TRABALHO MÉDICO;MG;60089909.99;20029970.00;1181606.85
AMEP FREGUESIA OPERADORA DE PLANO DE SAUDE LTDA;RJ;59139684.90;19713228.30;5779266.66
FUNDAÇÃO DE ASSISTÊNCIA À SAÚDE DA ASSOCIAÇÃO DO MINISTÉRIO PÚBLICO DO RIO GRANDE DO SUL;RS;58421076.13;19473692.04;8818685.45
UNIMED LEOPOLDINA COOPERATIVA DE TRABALHO MÉDICO LTDA;MG;58145648.25;19381882.75;1796854.35
UNIMED ALTO JACUÍ/RS - COOPERATIVA DE ASSISTÊNCIA À SAÚDE LTDA;RS;57332330.02;19110776.67;1165216.95
PREVIDENT ASSISTÊNCIA ODONTOLÓGICA S.A;SP;57278051.49;19092683.83;4367497.57
UNIMED DE ADAMANTINA-COOPERATIVA DE TRABALHO MÉDICO;SP;57156270.84;19052090.28;648001.46
AMPARA ASSISTÊNCIA MÉDICA PARAÍSO LTDA;MG;54195328.34;18065109.45;2179801.55
TERRAMAR ADMINISTRADORA DE PLANO DE SAUDE LTDA;BA;53745153.35;17915051.12;9991952.74
UNIMED CALDAS NOVAS - COOPERATIVA DE TRABALHO MEDICO;GO;53693619.76;17897873.25;1853138.73
CAIXA DE ASSISTÊNCIA DOS EMPREGADOS DO BANESE;SE;53148231.40;17716077.13;9655790.66
ASSOCIAÇÃO POLICIAL DE ASSISTÊNCIA À SAÚDE DE RIBEIRÃO PRETO (APAS);SP;53001580.43;17667193.48;2094337.79
SF SISTEMAS DE SAÚDE LTDA;SP;52972915.62;17657638.54;996752.70
FEDERAÇÃO DAS SOCIEDADES COOPERATIVAS DE TRABALHO MÉDICO DO ACRE, AMAPÁ, AMAZONAS, PARÁ, RONDONIA E RORAIMA;AM;51261694.46;51261694.46;3986813.97
ASSOCIAÇÃO PLANO DE SAÚDE SANTA CASA DE VALINHOS;SP;51019148.82;17006382.94;966002.83
PLAMER PLANO MEDICO RESENDE LTDA;RJ;50748580.66;16916193.55;701672.76
ASSOCIAÇÃO DOS AUDITORES FISCAIS DA RECEITA ESTADUAL DO RIO DE JANEIRO;RJ;50207864.92;16735954.97;4406851.41
UNIMED VALE DO URUCUIA - COOPERATIVA DE TRABALHO MEDICO LTDA;MG;49377059.65;16459019.88;6487580.77
PRONTOCLINICA E HOSPITAIS SAO LUCAS S/A;MG;48067308.74;16022436.25;1389174.43
UNIMED PATOS - COOPERATIVA DE TRABALHO MÉDICO;PB;47638550.40;15879516.80;1859736.94
FILOSANITAS SAUDE LTDA;SP;47390800.28;15796933.43;2519495.21
SBC SAÚDE LTDA.;SP;47302717.37;15767572.46;4527097.34
IRMANDADE DA SANTA CASA DE MISERICÓRDIA E MATERNIDADE DONA ZILDA SALVAGNI;SP;46880520.58;15626840.19;2394399.53
UNIMED TRÊS PONTAS - COOPERATIVA DE TRABALHO MÉDICO;MG;46279310.79;15426436.93;1117777.94
SOCIEDADE BENEFICENTE DEZOITO DE JULHO;MG;46245657.62;15415219.21;4497681.52
UNIMED DE MONTE ALTO - COOPERATIVA DE TRABALHO MÉDICO;SP;45873562.08;15291187.36;1107164.74
ASSOCIAÇÃO DOS EMPREGADOS DA COMPANHIA ESTADUAL DE HABITAÇÃO E OBRAS PÚBLICAS - ASSEC;SE;45557752.58;15185917.53;8636885.17
ASSOCIAÇÃO SAÚDE CONCEIÇÃO;SC;45491923.23;15163974.41;5086204.18
UNIODONTO BELÉM - COOPERATIVA DE ASSISTÊNCIA À SAÚDE ODONTOLÓGICA;PA;45453179.27;15151059.76;2229496.43
UNIMED VALE DO CORUMBÁ COOPERATIVA DE TRABALHO MEDICO;GO;45236148.47;15078716.16;1812743.72
ASSOCIACAO DOS PROFESSORES UNIVERSITÁRIOS DA BAHIA;BA;44913714.73;14971238.24;4127325.75
UNIMED REGIÃO DA FRONTEIRA - RS COOPERATIVA DE ASSISTÊNCIA À SAÚDE LTDA.;RS;44732045.26;14910681.75;1187683.10
FUNDACAO CAPITAL PREVIDENCIA E SAUDE - CAPITAL PREV;ES;44582374.95;22291187.47;4567179.03
UNIMED CACERES COOPERATIVA DE TRABALHO MÉDICO;MT;44039444.05;14679814.68;727370.38
UNIMED DE REGISTRO COOPERATIVA DE TRABALHO MÉDICO;SP;43718937.15;14572979.05;696485.89
ASSOCIAÇÃO POLICIAL DE ASSISTÊNCIA À SAÚDE DE ARAÇATUBA (APAS);SP;43619201.24;14539733.75;7240408.35
ADVANCE PLANOS DE SAÚDE LTDA;SP;43161916.91;14387305.64;6522623.05
TRINO - ALIANCA FILANTRÓPICA DE ASSISTÊNCIA E INTEGRAÇÃO PARA O DESENVOLVIMENTO DA SAUDE;ES;42990769.08;14330256.36;7791284.14
UNIMED DE CORUMBA COOPERATIVA DE TRABALHO MÉDICO;MS;42481996.39;14160665.46;2185601.09
SANTA CASA DE MISERICORDIA HOSPITAL SÃO VICENTE;SP;42439862.32;14146620.77;3542567.49
ASSOCIAÇÃO POLICIAL DE ASSISTÊNCIA A SAÚDE DA BAIXADA SANTISTA;SP;42196759.14;14065586.38;6910781.00
FEDERAÇÃO DAS COOP ODONTOLÓGICAS DO ESTADO DE SANTA CATARINA;SC;42115563.08;14038521.03;4398243.96
ASSOCIAÇÃO SANTA CASA CLÍNICAS DE BIRIGUI;SP;42018281.78;14006093.93;2231232.24
UNIX SAÚDE S.A;BA;41840490.34;13946830.11;2296555.66
UNIMED REGIONAL DE FLORIANO - COOPERATIVA DE TRABALHO MÉDICO;PI;41384636.01;13794878.67;1960275.04
ATÍVIA SERVIÇOS DE SAÚDE S/A;SP;41183754.04;20591877.02;1238612.03
SV SAUDE ADMINSTRADORES DE PLANO DE SAUDE LTDA;RJ;40958658.87;13652886.29;4400494.07
ASSOCIAÇÃO GOIANA DO MINISTÉRIO PÚBLICO;GO;40906531.97;13635510.66;6241256.99
UNIMED DE PENAPOLIS - COOPERATIVA DE TRABALHO MEDICO;SP;40355147.72;13451715.91;638337.14
PB ASSISTENCIA MEDICA EU LTDA;BA;37967613.98;12655871.33;4156344.24
COOPERATIVA DOS USUÁRIOS DE SERVIÇOS DE SAÚDE DO VALE DO RIO DOS SINOS LTDA;RS;37957621.89;12652540.63;6596068.81
EVANGELICO SAUDE LTDA.;PR;37912531.60;12637510.53;1833671.82
BIO SAÚDE SERVIÇOS MÉDICOS LTDA;SP;36947461.65;12315820.55;4384914.51
UNIMED PONTE NOVA COOPERATIVA DE TRABALHO MEDICO LTDA;MG;36813536.46;12271178.82;1401004.52
AME VVIDA PLANOS DE SAUDE INTEGRADO LTDA.;RO;36574055.19;12191351.73;7891988.14
PESSOAL SAÚDE PLANOS DE ASSISTÊNCIA MÉDICA LTDA;SP;36502126.28;12167375.43;827448.21
CAIXA DE ASSISTÊNCIA DO SINDFISCO - CASSIND;SE;36330123.13;12110041.04;5653293.27
UNIMED SUDOESTE PAULISTA COOPERATIVA DE TRABALHO MÉDICO;SP;36281325.51;12093775.17;1030862.94
UNIMED VALE DO CARANGOLA COOPERATIVA DE TRABALHO MEDICO LTDA;MG;36011671.03;12003890.34;1101971.11
MAIS SAUDE S/A;ES;35975543.97;17987771.98;4613823.89
UNIMED DE JATAÍ COOPERATIVA DE TRABALHO MÉDICO LTDA.;GO;35818953.65;11939651.22;406178.92
SOCIEDADE PORTUGUESA DE BENEFICÊNCIA;RS;35498555.13;11832851.71;1814913.04
COOPERATIVA DOS USUÁRIOS DE SERVIÇOS DE SAÚDE LTDA.;RS;35178256.10;11726085.37;3339617.58
ASSOCIAÇÃO VALEPARAIBANA DE ASSISTÊNCIA MÉDICA POLICIAL;SP;34974160.34;11658053.45;4763812.61
DESBAN - FUNDAÇÃO BDMG DE SEGURIDADE SOCIAL;MG;34495979.21;11498659.74;3580574.22
UNIODONTO DE FORTALEZA COOPERATIVA DE TRABALHO ODONTOLOGICO LTDA;CE;34494408.32;11498136.11;2431345.25
SANTA CASA DE MISERICÓRDIA E BENEFICÊNCIA PORTUGUESA;SP;33129026.43;11043008.81;3429177.01
UNIMED CAJAZEIRAS - SOCIEDADE COOPERATIVA DE TRABALHO MÉDICO;PB;32674037.79;10891345.93;4402416.55
UNIMED SÃO JOÃO NEPOMUCENO COOPERATIVA DE TRABALHO MÉDICO LTDA.;MG;32116558.03;10705519.34;957131.46
HOSPITAL DE PRONTOCLINICA LTDA.;RS;32034317.08;10678105.69;2485016.87
UNIODONTO REGIONAL COOPERATIVA ODONTOLOGICA;MG;31864670.96;10621556.99;2094907.99
UNIMED MACHADO COOPERATIVA DE TRABALHO MEDICO;MG;31791924.61;10597308.20;694782.39
UNIMED DO OESTE DA BAHIA COOPERATIVA DE TRABALHO MÉDICO;BA;30821381.49;10273793.83;1388246.89
VIDA TOP MAIS SAÚDE OPERADORA DE PLANOS DE SAÚDE LTDA.;SP;30551795.50;10183931.83;2896358.41
FUNASA SAÚDE;PB;30367580.68;10122526.89;2147087.04
AURORA SAÚDE LTDA;MG;30269982.01;10089994.00;3345466.32
ASSOCIAÇAO UNISAUDE MARAU;RS;30177843.88;10059281.29;3017585.61
UNIODONTO MACEIÓ COOPERATIVA ODONTOLÓGICA;AL;29921359.64;9973786.55;6198210.98
UNIODONTO DE SC COOPERATIVA ADMINISTRADORA DE CONTRATOS;SC;29879898.01;9959966.00;1840764.97
UNIODONTO PORTO ALEGRE COOPERATIVA ODONTOLOGICA LTDA;RS;29539713.22;9846571.07;2306681.41
UNIODONTO/RN - COOPERATIVA ODONTOLOGICA DO RIO GRANDE DO NORTE;RN;29289543.99;9763181.33;1943028.80
UNIODONTO GOIANIA COOPERATIVA DE CIRURGIÕES DENTISTAS;GO;29217103.79;9739034.60;1115099.41
TOTAL ASSISTÊNCIA MÉDICA HOSPITALAR LTDA;MG;29199042.19;9733014.06;4014625.88
UNIDENTIS ASSISTENCIA ODONTOLOGICA LTDA.;PB;29196064.20;9732021.40;2188849.39
UNIODONTO PIRACICABA - COOPERATIVA ODONTOLÓGICA;SP;28695001.43;9565000.48;2269434.75
SANTA CASA DE SAÚDE - SCS;ES;28484463.98;9494821.33;1588899.00
CARE PLUS ODONTOLOGIA ASSISTENCIAL LTDA.;SP;28359822.29;9453274.10;3246924.87
ASSOCIACAO POLICIAL DE ASSISTENCIA A SAUDE DE PRESIDENTE PRUDENTE (APAS);SP;27555899.83;9185299.94;4379637.00
ATITUDE SAÚDE ASSISTÊNCIA MEDICA LTDA;BA;26869399.24;8956466.41;2744310.30
NACIONAL ODONTO OPERADORA DE PLANOS ODONTOLÓGICOS LTDA.;PE;26549343.14;8849781.05;2244059.67
RIO DOCE SAÚDE;ES;26517170.42;8839056.81;2282311.67
UNIMED MORRINHOS COOPERATIVA DE TRABALHO MEDICO;GO;25994527.99;8664842.66;784682.09
UNIMED CAMPO BELO- COOPERATIVA DE TRABALHO MÉDICO;MG;24828891.72;8276297.24;488215.48
ASSOCIAÇÃO POLICIAL DE ASSISTÊNCIA A SAÚDE;SP;22827004.36;7609001.45;4184707.12
ON MED ASSISTÊNCIA MÉDICA LTDA;RS;22312156.95;7437385.65;2409733.45
FUNDAÇÃO PLAMHUV - PLANO MÉDICO HOSPITALAR DOS HOSPITAIS UNIDOS DE VIÇOSA;MG;22021778.01;7340592.67;1379683.30
R.M.I. OPERADORA DE SAÚDE INTEGRADA LTDA;SP;22021317.66;11010658.83;3010322.91
ODONTO EMPRESAS CONVENIOS DENTARIOS LTDA.;SP;22015664.16;7338554.72;2434772.82
UNIODONTO DE JOÃO PESSOA COOPERATIVA ODONTOLÓGICA;PB;21920489.07;7306829.69;2010232.25
UNIODONTO DO BRASIL CENTRAL NACIONAL DAS COOPERATIVAS ODONTÓLOGICAS;SP;21618581.06;7206193.69;1587678.76
UNIODONTO DE MANAUS - COOPERATIVA ODONTOLÓGICA LTDA.;AM;21499594.14;7166531.38;1033835.66
CAIXA DE ASSISTÊNCIA À SAÚDE DOS TRABALHADORES NAS INDÚSTRIAS METALÚRGICAS, MECÂNICAS E DO MATERIAL ELÉTRICO DE BRUSQUE;SC;21480416.27;7160138.76;4577687.84
UNIMED REGIONAL DE PICOS - COOPERATIVA DE TRABALHO MÉDICO;PI;20973384.56;6991128.19;3476210.74
ODONTOGROUP SISTEMA DE SAÚDE LTDA.;DF;20729802.23;6909934.08;3269733.92
SOCIEDADE DE ASSISTÊNCIA MÉDICA - SAMEISA;RS;20678070.35;6892690.12;3522801.64
SUL DO PARÁ LTDA;PA;20652958.63;6884319.54;3919996.79
UNIMED SOUSA - COOPERATIVA DE TRABALHO MÉDICO;PB;20159402.14;6719800.71;933855.39
VIVENTERIS LTDA;PR;20070080.44;6690026.81;488536.29
UNIODONTO PAULISTA-FEDERAÇÃO DAS COOPERATIVAS ODONTOLÓGICAS DO ESTADO DE SÃO PAULO;SP;20038530.09;6679510.03;1396157.80
ASSOCIACAO DE SAUDE HOLAMBRA;SP;19804339.03;6601446.34;484546.37
CAIXA ASSISTENCIAL UNIVERSITARIA DO RIO DE JANEIRO;RJ;19661734.36;6553911.45;3075510.82
ASSOCIAÇÃO DOS FUNCIONÁRIOS FISCAIS DO ESTADO DO AMAZONAS - AFFEAM;AM;19492540.62;6497513.54;3145366.47
ANGELI SISTEMAS DE SAUDE S.A.;PR;19257623.44;6419207.81;1761175.95
ASSOCIAÇÃO DOS SERVIDORES MUNICIPAIS, ESTADUAIS E FEDERAIS DO RIO DE JANEIRO;RJ;18606757.95;6202252.65;2245209.92
UNIMED VALE DO PARAÍBA - FEDERAÇÃO INTRAFEDERATIVA DAS COOPERATIVAS MÉDICAS;SP;18509054.79;6169684.93;2327265.31
HOSPITAL CESAR LEITE;MG;18433410.83;6144470.28;831173.30
ASSOCIAÇÃO POLICIAL DE ASSISTENCIA À SAUDE DE SAO JOAO DA BOA VISTA;SP;17438805.79;5812935.26;3739764.40
HOSPITAL S.P. LTDA.;RS;17254605.51;5751535.17;1609029.31
CONFIANÇA ASSISTÊNCIA MÉDICO HOSPITALAR LTDA;MG;17141595.19;5713865.06;2395537.06
ASSOCIAÇÃO BENEFICENTE CATÓLICA;MG;16828337.77;5609445.92;539110.16
OPLAN SAÚDE OPERADORA DE PLANO DE SAÚDE LTDA;RJ;16788737.68;5596245.89;1126872.71
UNIODONTO DE AMERICANA COOPERATIVA ODONTOLÓGICA;SP;16444561.43;5481520.48;1046320.45
SISTEMA TOTAL DE SAÚDE LTDA.;SP;16042399.78;5347466.59;1311917.87
PLANO ASSISTENCIAL SÃO LUCAS LTDA;MG;15686824.99;5228941.66;1895943.14
PRIMA VIDA ODONTOLOGIA DE GRUPO LIMITADA;RJ;15498256.75;5166085.58;887233.33
PRONTO SOCORRO CONDE DE MOREIRA LIMA;SP;15413702.07;5137900.69;620153.85
PLAMESC PLANOS DE SAÚDE LTDA;RJ;14977119.50;4992373.17;794809.20
AME-ASSISTÊNCIA MÉDICA A EMPRESAS LTDA;MG;14756499.16;4918833.05;964577.88
FUNDO DE ASSISTÊNCIA À SAÚDE DOS FUNCIONÁRIOS DO BEC;CE;14549612.41;4849870.80;2860532.95
MEDIC GLOBAL PLANOS DE SAÚDE LTDA.;MG;14479551.60;4826517.20;1060450.86
UNIMED DE BATATAIS - COOPERATIVA DE TRABALHO MÉDICO;SP;14365604.99;4788535.00;358724.11
MEDGOLD ASSISTENCIA MEDICA LTDA - ME;MG;14138316.02;4712772.01;742639.00
ASSOCIACAO CIVIL PRÓ-SAÚDE DOS SERVIDORES DA UNIVERSIDADE ESTADUAL DE PONTA GROSSA;PR;13772291.10;4590763.70;2497912.80
ASSOCIACAO POLICIAL DE ASSISTENCIA A SAUDE DE ITAPETININGA;SP;13749839.58;4583279.86;1713050.81
PORTOMED - PORTO SEGURO SERVIÇOS DE SAUDE LTDA;SP;13431081.71;4477027.24;866485.95
CEDPLAN SAÚDE LTDA EPP;MG;13368158.00;4456052.67;1064312.24
ORALE ASSISTÊNCIA ODONTOLÓGICA LTDA;BA;13352251.06;4450750.35;1493295.01
SANTA CASA DE MISERICÓRDIA DE TUPÃ;SP;13162549.87;4387516.62;1144241.70
UNIODONTO DE ARARAQUARA COOPERATIVA ODONTOLÓGICA;SP;13161364.94;4387121.65;1058169.62
SERVDONTO - PLANO DE ASSISTÊNCIA ODONTOLÓGICA LTDA;SE;13105521.54;4368507.18;2629388.06
S1 OPERADORA DE PLANO DE SAÚDE LTDA;DF;13040620.31;4346873.44;329610.50
COMSEDER - COOPERATIVA DE ASSISTÊNCIA MÉDICA DOS SERVIDORES DA SUPLAN E DO DER LTDA;PB;12937593.76;4312531.25;1633457.71
VOCÊ TOTAL PLANOS DE SAÚDE LIMITADA;SP;12840686.41;6420343.21;2123919.58
ASSOCIAÇÃO UNIVIDA SANTA RITA DO PASSA QUATRO;SP;12663879.91;4221293.30;763833.08
NOSAMED ASSISTÊNCIA MÉDICA LTDA.;SP;12553463.87;4184487.96;835523.26
TELOS - FUNDAÇÃO EMBRATEL DE SEGURIDADE SOCIAL;RJ;11861210.63;3953736.88;2514534.37
UNIODONTO DE SOROCABA COOPERATIVA ODONTOLÓGICA;SP;11762346.38;3920782.13;1145819.79
UNIODONTO UBERABA - COOPERATIVA DE ASSISTÊNCIA À SAÚDE ODONTOLÓGICA LTDA;MG;11638219.85;3879406.62;1401793.73
PERSONAL CARE OPERADORA DE SAÚDE SA;SP;11577951.90;5788975.95;230517.79
CAIXA BENEFICENTE DOS FUNCIONÁRIOS DO GRUPO IGUAÇU;PR;11435866.01;3811955.34;1540860.90
FUNDO DE ASSISTÊNCIA MÉDICO-HOSPITALAR DO MINISTÉRIO PÚBLICO;MS;10788738.64;3596246.21;1487092.04
DONA SAÚDE CLINICAS LTDA;SP;10390655.91;3463551.97;394649.05
ASSOCIAÇÃO POLICIAL DE ASSISTÊNCIA À SAÚDE DE BARRETOS;SP;10199327.13;3399775.71;251112.75
CEAM BRASIL - PLANOS DE SAÚDE LTDA;MG;10193863.57;10193863.57;1650927.70
UNIODONTO DE JUNDIAÍ COOPERATIVA ODONTOLÓGICA;SP;10164785.98;3388261.99;584615.64
UNIODONTO VALE HISTORICO COOPERATIVA ODONTOLOGICA;SP;9818438.74;3272812.91;1024688.54
ASSOCIAÇÃO POLICIAL DE ASSISTÊNCIA À SAÚDE DE PRESIDENTE VENCESLAU;SP;9814844.02;3271614.67;2025080.62
ASSOCIAÇÃO POLICIAL DE ASSISTÊNCIA À SAÚDE DE DRACENA;SP;9713367.34;3237789.11;1116920.79
PLENUM ASSISTENCIA MEDICA  LTDA;DF;9685780.09;4842890.04;2198251.49
ASSOCIAÇÃO DOS SERVIDORES PÚBLICOS DA ADMINISTRAÇÃO DIRETA DO GOVERNO DO ESTADO DO PARÁ - ASPARÁ;PA;9552825.16;3184275.05;1297025.40
CARING SAÚDE ASSISTÊNCIA MÉDICA LTDA.;RJ;9487688.25;3162562.75;1712180.83
ASSOCIAÇÃO SAÚDE RURAL ALEGRETE;RS;9219814.32;3073271.44;1703889.59
SEMPRE ODONTO PLANOS ODONTOLOGICOS LTDA;RJ;9188019.85;3062673.28;1059875.59
UNIODONTO DO SUL GOIANO COOPERATIVA ODONTOLOGICA;GO;9103393.15;3034464.38;1384601.55
COOPERATIVA ODONTOLÓGICA POÇOS DE CALDAS;MG;8894821.29;2964940.43;1179014.38
ODONTOART PLANOS ODONTOLÓGICOS LTDA;CE;8797925.70;2932641.90;951784.00
CAIXA DE ASSISTÊNCIA DOS EMPREGADOS DO SETOR PÚBLICO DO ESTADO DE GOIÁS - CAEME;GO;8604321.32;2868107.11;1857673.23
PRESERVE SAUDE ASSISTENCIA MEDICA LTDA;BA;8573334.14;2857778.05;764553.64
ASSOCIAÇÃO HOSPITAL SAÚDE DE VARGEM GRANDE DO SUL;SP;8465552.53;2821850.84;798550.97
UNIODONTO JACAREÍ COOPERATIVA ODONTOLÓGICA;SP;8368149.55;2789383.18;459679.01
UNIODONTO ESPIRITO SANTO COOPERATIVA ODONTOLOGICA;ES;8264768.21;2754922.74;760189.61
UNIODONTO MARINGA COOPERATIVA ODONTOLOGICA;PR;8210641.69;2736880.56;1223676.29
MEDHEALTH PLANOS DE SAÚDE LTDA;PR;7981289.16;2660429.72;1069372.68
DENTALPAR ASSISTÊNCIA ODONTOLÓGICA EMPRESARIAL LTDA.;SP;7945314.46;2648438.15;102307.67
ASSOCIACAO DOS SERVIDORES DA EMDAGRO - ASSEM;SE;7771778.41;2590592.80;1511796.16
ASSOCIAÇÃO POLICIAL DE ASSISTÊNCIA À SAÚDE DE JAÚ;SP;7696399.38;2565466.46;1240882.33
SEPACO SAÚDE LTDA;SP;7607293.03;2535764.34;1642896.26
ASSOCIAÇÃO POLICIAL DE ASSISTÊNCIA À SAÚDE - VALE DO RIBEIRA;SP;7547536.95;2515845.65;948444.56
PLANO VIDA SAUDE SERVIÇOS ODONTOLOGICOS LTDA;SE;7526338.46;2508779.49;1164104.56
ASSOCIAÇÃO POLICIAL DE ASSISTÊNCIA À SAÚDE APAS;SP;7526202.56;2508734.19;871828.96
UNIODONTO DE LONDRINA COOP. ODONTOLÓGICA;PR;7397278.67;2465759.56;539038.11
COOPERATIVA ODONTOLÓGICA DO ESTADO DO AMAPÁ;AP;7181263.69;2393754.56;1146014.72
RODRIGUES LEIRA ODONTOLOGIA LTDA.;SP;7163032.18;2387677.39;595296.99
DENTAL CENTER LTDA;PB;7151462.48;2383820.83;787521.89
ASSOCIAÇÃO POLICIAL DE ASSISTENCIA A SAUDE DE BOTUCATU;SP;7090575.78;2363525.26;1613436.67
AESP ODONTO ASSISTÊNCIA ODONTOLÓGICA S/S LTDA EPP;SP;7053734.99;2351245.00;121255.11
CAMIM OPERADORA DE PLANO DE SAÚDE LTDA;RJ;6841382.25;2280460.75;1128243.61
PLANO DE ASSISTÊNCIA MÉDICA MINEIRA LTDA;MG;6838203.42;2279401.14;608793.61
UNIMED NORTE/NORDESTE-FEDERAÇÃO INTERFEDERATIVA DAS SOCIEDADES COOPERATIVAS DE TRABALHO MÉDICO EM RECUPERAÇÃO JUDICIAL;PB;6701479.03;2233826.34;503100.02
SAMIG - SERV. DE ASSISTENCIA MEDICA DA ILHA DO GOVERNADOR LTDA;RJ;6683049.84;2227683.28;832295.93
SD-M OPERADORA DE PLANOS DE SAUDE LTDA;RJ;6579997.80;2193332.60;1174657.98
DENTAL MASTER LTDA - EPP;AL;6436806.10;2145602.03;1265092.70
UNIODONTO DE PRESIDENTE PRUDENTE COOPERATIVA ODONTOLOGICA;SP;6419617.53;2139872.51;426563.37
BENEFICENCIA SOCIAL BOM SAMARITANO;MG;6255717.28;2085239.09;358525.48
SANTA CASA DE MISERICÓRDIA E ASILO DOS POBRES DE BATATAIS;SP;6132821.08;2044273.69;267163.65
ODONT-OPERADORA ODONTOLOGICA LTDA;SP;6056431.23;2018810.41;372399.16
VALE PLANOS DE SAÚDE LTDA;PE;5974993.62;1991664.54;764280.08
HSMED SAUDE LTDA;RJ;5819063.14;1939687.71;84085.47
MH VIDA - OPERADORA DE PLANOS DE SAÚDE LTDA;RJ;5756567.96;1918855.99;1228087.63
DENTAL PLUS CONVÊNIO ODONTOLÓGICO LTDA.;SP;5464937.22;1821645.74;105408.24
ODONTOLIVE OPERADORA DE PLANOS ODONTOLÓGICOS LTDA.;SP;5423270.48;1807756.83;468021.41
DENTAL GOLD ASSISTÊNCIA ODONTOLÓGICA LTDA.;PB;5397842.31;1799280.77;404207.59
UNIODONTO RS FEDERACAO DAS UNIODONTOS DO RGS LTDA;RS;5205798.61;1735266.20;497376.16
UNIODONTO DE PINDAMONHANGABA COOP ODONTOLOGICA;SP;5185037.19;1728345.73;325993.82
UNIODONTO DE SERTAOZINHO SP COOPERATIVA ODONTOLOGICA;SP;5007845.03;2503922.52;153902.61
COOPERATIVA DE TRABALHO ODONTOLOGICO - UNIODONTO ITAJUBÁ;MG;4776336.30;1592112.10;473669.61
YOU ASSISTÊNCIA MÉDICA LTDA.;MG;4701165.29;4701165.29;505935.01
ASSOCIAÇÃO DOS FISCAIS DE TRIBUTOS ESTADUAIS DO RS - AFISVEC;RS;4599453.97;1533151.32;741427.54
SALUSMED OPERADORA DE PLANOS DE SAUDE LTDA;SP;4560392.56;1520130.85;922692.95
ASSOC DE ASSIST À SAÚDE DOS SERV DAS UNIV E INST FED, EST E/OU FAC PART EM PE;PE;4518150.75;1506050.25;924249.89
UNIMED ALTO PARANAIBA COOPERATIVA DE TRABALHO MEDICO;MG;4443728.91;1481242.97;201650.83
PORTO DIAS SAUDE LTDA.;PA;4432422.66;1477474.22;982916.48
ÔNIX OPERADORA DE PLANOS DE SAÚDE LTDA;RJ;4134572.22;1378190.74;330097.37
ASSOCIAÇÃO PADRE PIO PLANOS DE SAÚDE;SP;4125857.67;1375285.89;842352.94
PLANO DE ASSISTÊNCIA ODONTOLÓGICA FAUCHARD LTDA. ME;BA;4026955.72;1342318.57;774529.58
ASSOCIAÇÃO SERVIÇOS ODONTOLÓGICOS DA INDÚSTRIA DE MINAS GERAIS - ODONTOINDUSTRIA;MG;3896791.72;1298930.57;713295.14
PREVENT SENIOR CORPORATE OPERADORA DE SAÚDE LTDA.;SP;3823838.36;1274612.79;550344.09
CENTRO DE ENDOCRINOLOGIA DE JUNDIAÍ S/S LTDA;SP;3711922.41;1237307.47;159485.49
HEALTH-MED SISTEMA DE SAUDE LTDA;RJ;3432498.41;1144166.14;66509.69
CAIXA SEGURADORA ESPECIALIZADA EM SAÚDE S/A;SP;3383135.48;1127711.83;835092.84
QUALIDONTO - QUALIDADE EM ODONTOLOGIA LTDA;BA;3343566.50;1114522.17;651095.95
ODONTO SEG OPERADORA DE PLANOS ODONTOLOGICOS S.A.;SP;3113047.63;1037682.54;77228.19
UNIODONTO DE MATO GROSSO COOP TRAB ODONTOLOGICO LTDA;MT;2884093.30;961364.43;249481.16
PD BRASIL ASSISTENCIA ODONTOLOGICA LTDA;MG;2647549.59;882516.53;349579.37
HOSPITAL DE CARIDADE SÃO VICENTE DE PAULO;PR;2552772.79;850924.26;91006.53
BLUZZ SAÚDE S/A;ES;2432983.38;810994.46;262258.11
SAME-SERVIÇO DE ASSISTÊNCIA MÉDICA EMPRESARIAL LTDA.;MA;2050555.54;683518.51;424131.24
SANTA CASA DA MISERICÓRDIA DE SÃO JOÃO DEL REI;MG;1999603.90;666534.63;154969.14
SISTEMA PREVSAUDE DENTAL LTDA;CE;1906012.78;635337.59;35956.27
ODILE SERVIÇOS DE SAÚDE LTDA.;SP;1893381.61;631127.20;329382.82
SORRIDEN CONVÊNIOS ODONTOLÓGICOS S.A.;SP;1820679.38;606893.13;363322.28
CASA DE SAÚDE NOSSA SENHORA DE FÁTIMA  LTDA.;CE;1808567.00;602855.67;323921.38
INNOVA PLANO DE SAUDE LTDA;RO;1723509.58;861754.79;783899.23
NOVODENTE S/A;RS;1671197.84;1671197.84;81079.46
CROWN ODONTOLOGIA DE GRUPO LTDA;SP;1643257.91;547752.64;367304.75
INFINITY SAÚDE SUPLEMENTAR LTDA;MT;1520550.88;506850.29;350075.19
BRASIL ODONTO OPERADORA DE PLANOS ODONTOLÓGICOS LTDA;TO;1242569.19;414189.73;204242.34
PLAMEDH - PLANO DE ASSISTÊNCIA MÉDICO-HOSPITALAR LTDA;MG;968119.57;484059.79;136912.78
ODONTO PRIME S/S LTDA;CE;937985.75;312661.92;162963.58
BEMSTAR ASSISTENCIA MEDICA LTDA;BA;916748.11;305582.70;121832.28
EXCELÊNCIA PLANO DE SAÚDE S/A;ES;831396.27;415698.14;269652.88
ALMA ODONTO OPERADORA DE PLANOS ODONTOLOGICOS LTDA;SP;792655.56;264218.52;19727.80
PLANO SIGMA SAÚDE LTDA;SP;758538.00;379269.00;83715.22
POLIMÉDICA SAÚDE SOCIEDADE SIMPLES LTDA;RS;752976.84;250992.28;124443.95
G & M ASSESSORIA MEDICA EMPRESARIAL LTDA;RJ;739618.47;246539.49;86856.58
ASSISTÊNCIA MÉDICA 12 DE OUTUBRO LTDA;SP;696205.41;232068.47;18129.98
SAUDIA ASSISTENCIA MÉDICA LTDA;MG;692189.02;230729.67;106297.93
SMART CARE SISTEMAS MÉDICOS E ODONTOLÓGICOS LTDA.;SP;572922.10;286461.05;20031.63
LIVRI OPERADORA DE PLANO DE SAÚDE LTDA;SP;310429.39;103476.46;49493.95
CLÍNICA SÃO GABRIEL S/S LTDA;SP;201170.70;67056.90;4006.57
SAGRADA SAÚDE ASSISTÊNCIA MÉDICA LTDA;MG;117168.13;39056.04;3480.08
SOCIODONTO PLANO DE ASSISTÊNCIA ODONTOLÓGICA LTDA;MG;62434.93;31217.47;2810.49
SAUDE SALV ASSISTENCIA MEDICA LTDA;RO;35715.45;35715.45;0.00
UNIMED PARAIBA - FEDERAÇAO DAS SOCIEDADES COOPERATIVAS DE TRABALHO MEDICO;PB;6666.95;2222.32;1963.02
ARL ADMINISTRADORA DE BENEFÍCIOS LTDA.;SP;5680.00;1893.33;1639.67
HEALTH ADMINISTRADORA DE BENEFICIOS LTDA;SP;0.00;0.00;0.00
BIORAL SISTEMA ODONTOLÓGICO LTDA.;SP;0.00;0.00;0.00
PRO-SAUDE JARINU ASSISTENCIA MEDICA SUPLEMENTAR LTDA.;SP;0.00;0.00;0.00
NEXO - ADMINISTRADORA DE BENEFICIOS LTDA;SP;0.00;0.00;0.00
ATIMED ASSISTENCIA MEDICA LTDA;SP;0.00;0.00;0.00
SAUDE VIVA ADMINISTRADORA DE BENEFICIOS LTDA;SP;0.00;0.00;0.00
AMPLITUDE PLANOS DE SAUDE LTDA;MG;0.00;0.00;0.00
UNIC ASSISTENCIA MEDICA LTDA;SP;0.00;0.00;0.00
UNIVIDA USA OPERADORA EM SAUDE S/A;SP;0.00;0.00;0.00
ESPLENDOR ADMINISTRADORA DE BENEFÍCIOS LTDA.;DF;0.00;0.00;0.00
INTERCLINICAS PLANO VIDA USA OPERADORA DE SAUDE LTDA;SP;0.00;0.00;0.00
AFFIX ADMINISTRADORA DE BENEFÍCIOS LTDA;SP;0.00;0.00;0.00
TOTAL SAUDE  ADMINISTRADORA DE BENEFICIOS EIRELI;ES;0.00;0.00;0.00
BIT LIFE BENEFÍCIOS LTDA;SP;0.00;0.00;0.00
HOSPITAL MATERNIDADE SÃO VICENTE DE PAULO;CE;0.00;0.00;0.00
BCI ADMINISTRADORA DE BENEFÍCIOS LTDA.;SP;0.00;0.00;0.00
SALUPLAN ADMINISTRADORA DE BENEFÍCIOS LTDA;SP;0.00;0.00;0.00
ELITE SAUDE SERVICOS MEDICOS LTDA.;SP;0.00;0.00;0.00
